{"cameraMode":{"drawMode":0,"name":"Shaded","section":"Shading Mode"},"sceneLighting":true,"audioPlay":false,"sceneViewState":{"m_AlwaysRefresh":false,"showFog":true,"showSkybox":true,"showFlares":true,"showImageEffects":true,"showParticleSystems":true,"showVisualEffectGraphs":true,"m_FxEnabled":true},"in2DMode":false,"pivot":{"x":-1.6913914680480958,"y":2.027163505554199,"z":0.10051616281270981},"rotation":{"x":0.24597418308258058,"y":-0.24117045104503632,"z":0.0633348897099495,"w":0.9366611838340759},"size":7.712358474731445,"orthographic":false}