{"cameraMode":{"drawMode":0,"name":"Shaded","section":"Shading Mode"},"sceneLighting":true,"audioPlay":false,"sceneViewState":{"m_AlwaysRefresh":false,"showFog":true,"showSkybox":true,"showFlares":true,"showImageEffects":true,"showParticleSystems":true,"showVisualEffectGraphs":true,"m_FxEnabled":true},"in2DMode":false,"pivot":{"x":-0.10383876413106919,"y":2.6684513092041017,"z":0.005621463060379028},"rotation":{"x":-0.10199546068906784,"y":0.7046226859092712,"z":-0.10347520560026169,"w":-0.6945496201515198},"size":1.8912501335144044,"orthographic":false}