{"cameraMode":{"drawMode":0,"name":"Shaded","section":"Shading Mode"},"sceneLighting":true,"audioPlay":false,"sceneViewState":{"m_AlwaysRefresh":false,"showFog":true,"showSkybox":true,"showFlares":true,"showImageEffects":true,"showParticleSystems":true,"showVisualEffectGraphs":true,"m_FxEnabled":true},"in2DMode":false,"pivot":{"x":-0.6499999761581421,"y":2.616420030593872,"z":1.340000033378601},"rotation":{"x":0.06100073456764221,"y":0.5344381332397461,"z":-0.03871089220046997,"w":0.8421252369880676},"size":1.1773943901062012,"orthographic":false}